{
  "naturalabsorption:recipes/book_absorption": {
    "criteria": {
      "has_the_item": "2019-11-04 18:49:42 +0100"
    },
    "done": true
  },
  "minecraft:husbandry/root": {
    "criteria": {
      "consumed_item": "2019-11-04 18:47:00 +0100"
    },
    "done": true
  },
  "minecraft:recipes/decorations/chest": {
    "criteria": {
      "has_lots_of_items": "2019-11-04 18:45:43 +0100"
    },
    "done": true
  },
  "minecraft:adventure/adventuring_time": {
    "criteria": {
      "desert": "2019-11-04 18:41:52 +0100"
    },
    "done": false
  }
}